epoch,base_acc,novel_acc,harmonic_mean
21,0.7294783663566519,0.7124591947769314,0.7208683420287205
