epoch,base_acc,novel_acc,harmonic_mean
8,0.7517185604528912,0.7119151251360174,0.7312756167080968
8,0.7517185604528912,0.7119151251360174,0.7312756167080968
