epoch,base_acc,novel_acc,harmonic_mean
16,0.7205822887181561,0.7431991294885746,0.7317159830547655
