epoch,base_acc,novel_acc,harmonic_mean
13,0.6756975333602911,0.7072905331882481,0.6911331777968177
