epoch,base_acc,novel_acc,harmonic_mean
11,0.7294783663566519,0.6716539717083787,0.6993729696017402
