epoch,base_acc,novel_acc,harmonic_mean
16,0.5612616255560049,0.6936887921653971,0.6204880983706973
