epoch,base_acc,novel_acc,harmonic_mean
6,0.6008896077638496,0.661860718171926,0.6299031869849717
