epoch,base_acc,novel_acc,harmonic_mean
11,0.6898503841488072,0.6732861806311208,0.6814676421293824
