epoch,base_acc,novel_acc,harmonic_mean
11,0.7230084917104731,0.7323177366702938,0.7276333400957399
21,0.7230084917104731,0.7323177366702938,0.7276333400957399
