epoch,base_acc,novel_acc,harmonic_mean
13,0.7242215932066316,0.7478237214363439,0.7358334442410783
