epoch,base_acc,novel_acc,harmonic_mean
11,0.7294783663566519,0.7146354733405876,0.7219806407260776
21,0.7335220380105135,0.7135473340587595,0.7233968250565584
