epoch,base_acc,novel_acc,harmonic_mean
16,0.6607359482410028,0.6809031556039173,0.6706679775342163
16,0.6607359482410028,0.6809031556039173,0.6706679775342163
