epoch,base_acc,novel_acc,harmonic_mean
11,0.7310958350181965,0.6705658324265505,0.6995238559763016
