epoch,base_acc,novel_acc,harmonic_mean
9,0.7258390618681763,0.7293253536452666,0.7275780315171758
19,0.7282652648604934,0.7293253536452666,0.7287949237577288
