epoch,base_acc,novel_acc,harmonic_mean
13,0.7096643752527295,0.734766050054407,0.7219971010481874
