epoch,base_acc,novel_acc,harmonic_mean
41,0.7755762232106753,0.7519042437431991,0.7635568063811308
