epoch,base_acc,novel_acc,harmonic_mean
9,0.6979377274565305,0.6874319912948857,0.6926450250662078
