epoch,base_acc,novel_acc,harmonic_mean
2,0.14617737003058104,0.1610978520286396,0.1532753612172719
