epoch,base_acc,novel_acc,harmonic_mean
11,0.7270521633643349,0.7423830250272034,0.7346376194812726
