epoch,base_acc,novel_acc,harmonic_mean
16,0.691872219975738,0.6243199129488575,0.6563625375684142
