epoch,base_acc,novel_acc,harmonic_mean
201,0.2175495349777598,0.29298150163220893,0.2496929074494911
