epoch,base_acc,novel_acc,harmonic_mean
11,0.7230084917104731,0.7249727965179543,0.723989311744311
