epoch,base_acc,novel_acc,harmonic_mean
11,0.5822887181560857,0.6556039173014145,0.6167752415498645
21,0.6029114435907804,0.6670293797606094,0.633351789113492
