epoch,base_acc,novel_acc,harmonic_mean
11,0.6506267691063485,0.6455386289445049,0.6480727121941375
