epoch,base_acc,novel_acc,harmonic_mean
1,0.4504650222401941,0.5051686615886833,0.4762511331033073
31,0.8487666801455722,0.5040805223068553,0.63251304459046
