epoch,base_acc,novel_acc,harmonic_mean
11,0.7266477961989486,0.7423830250272034,0.7344311382401958
21,0.729882733522038,0.7396626768226333,0.7347401620163742
