epoch,base_acc,novel_acc,harmonic_mean
81,0.8726243429033562,0.6659412404787813,0.7554004114762641
