epoch,base_acc,novel_acc,harmonic_mean
16,0.7735543873837445,0.6781828073993471,0.7227358891088738
