epoch,base_acc,novel_acc,harmonic_mean
11,0.7723412858875859,0.7418389553862894,0.7567828942775356
