epoch,base_acc,novel_acc,harmonic_mean
26,0.7881116053376466,0.7023939064200218,0.7427879800528568
