epoch,base_acc,novel_acc,harmonic_mean
81,0.9158916295996765,0.7154515778019587,0.8033577588328626
