epoch,base_acc,novel_acc,harmonic_mean
11,0.7408006469874646,0.719804134929271,0.7301514762400032
