epoch,base_acc,novel_acc,harmonic_mean
11,0.6813586736756976,0.7627856365614799,0.71977655687477
