epoch,base_acc,novel_acc,harmonic_mean
1,0.23453295592397896,0.2916213275299238,0.25998006328902207
41,0.7695107157298827,0.2853645266594124,0.4163356050640251
