epoch,base_acc,novel_acc,harmonic_mean
41,0.77719369187222,0.7421109902067464,0.7592472886590533
