epoch,base_acc,novel_acc,harmonic_mean
13,0.680145572179539,0.7524483133841132,0.7144723899764653
