epoch,base_acc,novel_acc,harmonic_mean
15,0.7509098261221189,0.7592491838955386,0.7550564793249067
