epoch,base_acc,novel_acc,harmonic_mean
21,0.8730287100687424,0.6409140369967355,0.7391776948881018
