epoch,base_acc,novel_acc,harmonic_mean
19,0.829357056207036,0.7483677910772579,0.7867837148363778
