epoch,base_acc,novel_acc,harmonic_mean
21,0.7226041245450869,0.7380304678998912,0.730235834346079
