epoch,base_acc,novel_acc,harmonic_mean
7,0.6878285483218762,0.7399347116430903,0.7129308238046707
