epoch,base_acc,novel_acc,harmonic_mean
8,0.7204892966360856,0.8329355608591885,0.772642659206895
