epoch,base_acc,novel_acc,harmonic_mean
6,0.6368782854832188,0.720620239390642,0.6761663075696738
