epoch,base_acc,novel_acc,harmonic_mean
11,0.8617064294379296,0.719260065288357,0.7840659808596726
