epoch,base_acc,novel_acc,harmonic_mean
11,0.7492923574605742,0.7369423286180631,0.7430660310850763
21,0.7492923574605742,0.7369423286180631,0.7430660310850763
