epoch,base_acc,novel_acc,harmonic_mean
11,0.7577840679336838,0.721164309031556,0.7390208235231203
