epoch,base_acc,novel_acc,harmonic_mean
11,0.7104731095835018,0.7434711643090316,0.7265976825620027
