epoch,base_acc,novel_acc,harmonic_mean
6,0.4435907804286292,0.5873231773667029,0.5054372280865778
