epoch,base_acc,novel_acc,harmonic_mean
11,0.6845936109987869,0.7636017410228509,0.7219424817543308
