epoch,base_acc,novel_acc,harmonic_mean
17,0.7812373635260816,0.704842219804135,0.7410761626476037
