epoch,base_acc,novel_acc,harmonic_mean
26,0.8156085725839062,0.6485310119695321,0.7225369200166729
