epoch,base_acc,novel_acc,harmonic_mean
16,0.17064294379296402,0.25,0.2028358567652007
