epoch,base_acc,novel_acc,harmonic_mean
10,0.7173473513950667,0.7263329706202394,0.7218121972847885
