epoch,base_acc,novel_acc,harmonic_mean
11,0.661140315406389,0.6983133841131665,0.679218617284642
