epoch,base_acc,novel_acc,harmonic_mean
51,0.43267286696320256,0.6077257889009793,0.5054725088871835
