epoch,base_acc,novel_acc,harmonic_mean
8,0.6344520824909018,0.7271490750816104,0.6776452008741658
18,0.6368782854832188,0.7293253536452666,0.6799740060498496
