epoch,base_acc,novel_acc,harmonic_mean
16,0.19450060655074808,0.09167573449401524,0.12461537456223332
