epoch,base_acc,novel_acc,harmonic_mean
11,0.7226041245450869,0.750272034820457,0.7361782094777523
