epoch,base_acc,novel_acc,harmonic_mean
11,0.7355438738374444,0.7415669205658324,0.7385431174552478
21,0.7379700768297615,0.735582154515778,0.7367741808336592
