epoch,base_acc,novel_acc,harmonic_mean
7,0.6615446825717751,0.7097388465723613,0.6847948655193372
17,0.6732713303679742,0.7021218715995647,0.6873940134298375
