epoch,base_acc,novel_acc,harmonic_mean
41,0.7739587545491307,0.7548966267682263,0.7643088551167511
