epoch,base_acc,novel_acc,harmonic_mean
16,0.774767488879903,0.6923286180631121,0.7312318563971015
