epoch,base_acc,novel_acc,harmonic_mean
1,0.5515568135867368,0.6955930359085963,0.6152573864225218
41,0.8313788920339669,0.499455930359086,0.6240250270203609
