epoch,base_acc,novel_acc,harmonic_mean
7,0.6971289931257582,0.7124591947769314,0.7047107309220989
17,0.7104731095835018,0.7116430903155604,0.7110576186755982
