epoch,base_acc,novel_acc,harmonic_mean
21,0.7521229276182774,0.6716539717083787,0.7096144793284072
