epoch,base_acc,novel_acc,harmonic_mean
9,0.6570966437525273,0.7181719260065288,0.6862781170064196
