epoch,base_acc,novel_acc,harmonic_mean
10,0.7048119692680954,0.7366702937976061,0.7203890797359495
