epoch,base_acc,novel_acc,harmonic_mean
11,0.7565709664375253,0.7470076169749728,0.7517588783796855
