epoch,base_acc,novel_acc,harmonic_mean
21,0.7484836231298019,0.676822633297062,0.7108516566206945
