epoch,base_acc,novel_acc,harmonic_mean
11,0.7205822887181561,0.7372143634385201,0.7288034479932861
21,0.7424181156490093,0.7328618063112078,0.7376090098884546
