epoch,base_acc,novel_acc,harmonic_mean
201,0.8115649009300445,0.6493471164309031,0.7214497819895107
