epoch,base_acc,novel_acc,harmonic_mean
9,0.7856854023453296,0.7230685527747551,0.7530776040482652
19,0.8002426202992317,0.7222524483133841,0.7592500017520892
