epoch,base_acc,novel_acc,harmonic_mean
81,0.7031945006065508,0.6088139281828074,0.6526095363363784
