epoch,base_acc,novel_acc,harmonic_mean
11,0.715729882733522,0.7312295973884657,0.7233967242068234
