epoch,base_acc,novel_acc,harmonic_mean
21,0.7792155276991508,0.6749183895538629,0.7233266246393021
