epoch,base_acc,novel_acc,harmonic_mean
21,0.22199757379700769,0.29624591947769313,0.2538029950197624
