epoch,base_acc,novel_acc,harmonic_mean
10,0.7189648200566114,0.6569640914036997,0.686567548403958
