epoch,base_acc,novel_acc,harmonic_mean
11,0.7258390618681763,0.7380304678998912,0.7318839986176392
21,0.7258390618681763,0.7380304678998912,0.7318839986176392
