epoch,base_acc,novel_acc,harmonic_mean
11,0.7310958350181965,0.7331338411316648,0.7321134197629724
21,0.7359482410028305,0.733949945593036,0.7349477349778193
