epoch,base_acc,novel_acc,harmonic_mean
11,0.7044076021027093,0.7451033732317737,0.7241842102447275
