epoch,base_acc,novel_acc,harmonic_mean
13,0.6259603720177922,0.6735582154515778,0.6488876037406393
