epoch,base_acc,novel_acc,harmonic_mean
18,0.7448443186413263,0.7121871599564744,0.7281497588691591
