epoch,base_acc,novel_acc,harmonic_mean
18,0.7970076829761423,0.6953210010881393,0.7426998970396238
