epoch,base_acc,novel_acc,harmonic_mean
11,0.7019813991103923,0.7124591947769314,0.7071814885969189
