epoch,base_acc,novel_acc,harmonic_mean
11,0.6756975333602911,0.6330250272034821,0.653665585550026
21,0.677719369187222,0.6341131664853101,0.6551915179682865
