epoch,base_acc,novel_acc,harmonic_mean
8,0.6833805095026284,0.7268770402611534,0.7044579937935911
