epoch,base_acc,novel_acc,harmonic_mean
41,0.7901334411645774,0.7546245919477693,0.7719709013867828
