epoch,base_acc,novel_acc,harmonic_mean
41,0.8447230084917104,0.7459194776931447,0.7922526284341842
