epoch,base_acc,novel_acc,harmonic_mean
11,0.6829761423372422,0.7407508161044614,0.710691234462432
