epoch,base_acc,novel_acc,harmonic_mean
41,0.85321471896482,0.7385745375408053,0.7917664526343323
