epoch,base_acc,novel_acc,harmonic_mean
41,0.7780024262029923,0.7467355821545157,0.7620484194188172
