epoch,base_acc,novel_acc,harmonic_mean
4,0.6635665183987061,0.7336779107725789,0.6968631782860601
