epoch,base_acc,novel_acc,harmonic_mean
12,0.6215123331985443,0.6779107725788901,0.6484876313075185
