epoch,base_acc,novel_acc,harmonic_mean
9,0.728440366972477,0.8723150357995226,0.7939120288996705
