epoch,base_acc,novel_acc,harmonic_mean
26,0.7925596441568945,0.676822633297062,0.7301330819543121
