epoch,base_acc,novel_acc,harmonic_mean
26,0.7743631217145168,0.7282372143634385,0.7505921955735535
