epoch,base_acc,novel_acc,harmonic_mean
11,0.7286696320258795,0.720892274211099,0.72476008912699
21,0.7335220380105135,0.7217083786724701,0.7275672562971437
