epoch,base_acc,novel_acc,harmonic_mean
16,0.7294783663566519,0.7513601741022851,0.7402576005075052
