epoch,base_acc,novel_acc,harmonic_mean
26,0.8524059846340477,0.7238846572361263,0.7829058900974698
