epoch,base_acc,novel_acc,harmonic_mean
16,0.7638495754144763,0.6357453754080522,0.6939348199159577
