epoch,base_acc,novel_acc,harmonic_mean
11,0.7444399514759401,0.7227965179542981,0.7334586018868854
26,0.7448443186413263,0.7260609357997824,0.7353326958143992
