epoch,base_acc,novel_acc,harmonic_mean
201,0.20582288718156086,0.2804678998911861,0.2374164366338992
