epoch,base_acc,novel_acc,harmonic_mean
8,0.73918317832592,0.6974972796517954,0.7177354618889017
18,0.7553578649413668,0.6950489662676823,0.7239495731718462
