epoch,base_acc,novel_acc,harmonic_mean
18,0.7970076829761423,0.6926006528835691,0.7411452101789043
