epoch,base_acc,novel_acc,harmonic_mean
9,0.680145572179539,0.705114254624592,0.69240488879261
