epoch,base_acc,novel_acc,harmonic_mean
16,0.7561665992721391,0.721164309031556,0.7382508008351127
