epoch,base_acc,novel_acc,harmonic_mean
31,0.8273352203801051,0.2997823721436344,0.4400969633845913
