epoch,base_acc,novel_acc,harmonic_mean
11,0.7565709664375253,0.75,0.7532711534590351
