epoch,base_acc,novel_acc,harmonic_mean
8,0.6874241811564901,0.6923286180631121,0.6898676830116595
