epoch,base_acc,novel_acc,harmonic_mean
16,0.7610190052567731,0.6887921653971708,0.723106483312276
