epoch,base_acc,novel_acc,harmonic_mean
11,0.7452486858067124,0.7486398258977149,0.746940406893263
