epoch,base_acc,novel_acc,harmonic_mean
11,0.7452486858067124,0.7486398258977149,0.746940406893263
26,0.746461787302871,0.748911860718172,0.7476848168667726
