epoch,base_acc,novel_acc,harmonic_mean
9,0.734735139506672,0.7108269858541894,0.7225833541900646
