epoch,base_acc,novel_acc,harmonic_mean
11,0.7165386170642943,0.6811751904243744,0.6984095403652875
11,0.7165386170642943,0.6811751904243744,0.6984095403652875
