epoch,base_acc,novel_acc,harmonic_mean
19,0.7278608976951072,0.7363982589771491,0.7321046897986967
