epoch,base_acc,novel_acc,harmonic_mean
14,0.6291953093408815,0.7244287268770403,0.6734619727592356
