epoch,base_acc,novel_acc,harmonic_mean
26,0.7949858471492115,0.6732861806311208,0.7290923950816662
