epoch,base_acc,novel_acc,harmonic_mean
13,0.7197735543873838,0.7467355821545157,0.7330067174655229
