epoch,base_acc,novel_acc,harmonic_mean
24,0.7695107157298827,0.7306855277475517,0.7495957223931591
