epoch,base_acc,novel_acc,harmonic_mean
81,0.862515163768702,0.7388465723612623,0.795905582083171
