epoch,base_acc,novel_acc,harmonic_mean
8,0.6752293577981652,0.8210023866348448,0.7410147744035216
18,0.674617737003058,0.8233890214797136,0.7416159309006151
