epoch,base_acc,novel_acc,harmonic_mean
16,0.6890416498180347,0.6387377584330794,0.6629368043167694
