epoch,base_acc,novel_acc,harmonic_mean
3,0.7096643752527295,0.7113710554951034,0.7105166905024085
