epoch,base_acc,novel_acc,harmonic_mean
16,0.7282652648604934,0.748911860718172,0.7384442734170127
