epoch,base_acc,novel_acc,harmonic_mean
17,0.7654670440760211,0.720076169749728,0.7420781462807872
