epoch,base_acc,novel_acc,harmonic_mean
16,0.6267691063485645,0.720892274211099,0.6705438220589736
