epoch,base_acc,novel_acc,harmonic_mean
11,0.7040032349373231,0.7418389553862894,0.7224260405315454
26,0.7141124140719773,0.7404787812840044,0.7270566352388605
