epoch,base_acc,novel_acc,harmonic_mean
12,0.7258390618681763,0.6009249183895539,0.6575016890831709
