epoch,base_acc,novel_acc,harmonic_mean
11,0.7699150828952689,0.7421109902067464,0.7557573969215118
