epoch,base_acc,novel_acc,harmonic_mean
11,0.7234128588758593,0.7282372143634385,0.7258170200851206
