epoch,base_acc,novel_acc,harmonic_mean
13,0.7205822887181561,0.7456474428726877,0.7329006217587426
