epoch,base_acc,novel_acc,harmonic_mean
31,0.7897290739991912,0.35092491838955386,0.48592406232261504
