epoch,base_acc,novel_acc,harmonic_mean
41,0.7852810351799434,0.7540805223068553,0.7693645853193108
