epoch,base_acc,novel_acc,harmonic_mean
11,0.7282652648604934,0.7021218715995647,0.7149546549338404
