epoch,base_acc,novel_acc,harmonic_mean
20,0.7743631217145168,0.7127312295973884,0.7422700239666242
