epoch,base_acc,novel_acc,harmonic_mean
13,0.627982207844723,0.7290533188248096,0.6747539084930955
