epoch,base_acc,novel_acc,harmonic_mean
11,0.6477961989486454,0.6199673558215452,0.6335763401026939
