epoch,base_acc,novel_acc,harmonic_mean
21,0.8346138293570562,0.6681175190424374,0.7421421288940918
