epoch,base_acc,novel_acc,harmonic_mean
13,0.7456530529720987,0.7336779107725789,0.7396170126540863
