epoch,base_acc,novel_acc,harmonic_mean
9,0.7370030581039755,0.860381861575179,0.793927694328631
19,0.7370030581039755,0.860381861575179,0.793927694328631
