epoch,base_acc,novel_acc,harmonic_mean
16,0.7343307723412859,0.7138193688792165,0.7239298102328882
