epoch,base_acc,novel_acc,harmonic_mean
16,0.10796603315810756,0.026387377584330796,0.0424096488132618
