epoch,base_acc,novel_acc,harmonic_mean
11,0.7594015365952285,0.720076169749728,0.7392162077581874
