epoch,base_acc,novel_acc,harmonic_mean
24,0.7711281843914274,0.7159956474428727,0.7425399443216056
