epoch,base_acc,novel_acc,harmonic_mean
14,0.6413263243024666,0.5924918389553863,0.615942647907114
24,0.6692276587141124,0.6145266594124048,0.6407117494197014
