epoch,base_acc,novel_acc,harmonic_mean
16,0.770319450060655,0.7570729053318824,0.7636387363497046
