epoch,base_acc,novel_acc,harmonic_mean
10,0.7238172260412454,0.7412948857453754,0.7324518083800056
