epoch,base_acc,novel_acc,harmonic_mean
16,0.8075212292761828,0.7524483133841132,0.7790126286113606
