epoch,base_acc,novel_acc,harmonic_mean
1,0.2381722604124545,0.3103917301414581,0.2695280815150705
31,0.7856854023453296,0.38846572361262244,0.5198851180335757
