epoch,base_acc,novel_acc,harmonic_mean
8,0.7056207035988677,0.734221980413493,0.7196372717238815
18,0.7294783663566519,0.7336779107725789,0.7315721118080833
