epoch,base_acc,novel_acc,harmonic_mean
11,0.7197735543873838,0.7336779107725789,0.726659224983711
