epoch,base_acc,novel_acc,harmonic_mean
41,0.8168216740800647,0.3267138193688792,0.4667400888049388
