epoch,base_acc,novel_acc,harmonic_mean
13,0.6421350586332389,0.6773667029379761,0.6592805256877342
