epoch,base_acc,novel_acc,harmonic_mean
12,0.651839870602507,0.676550598476605,0.6639653999817655
