epoch,base_acc,novel_acc,harmonic_mean
16,0.7505054589567327,0.7388465723612623,0.7446303818418113
