epoch,base_acc,novel_acc,harmonic_mean
8,0.7517185604528912,0.7325897714907508,0.7420309063500554
