epoch,base_acc,novel_acc,harmonic_mean
16,0.7015770319450061,0.7486398258977149,0.7243447822423631
