epoch,base_acc,novel_acc,harmonic_mean
9,0.7217953902143146,0.7415669205658324,0.7315475885318999
