epoch,base_acc,novel_acc,harmonic_mean
12,0.6995551961180753,0.7573449401523396,0.7273039173344755
