epoch,base_acc,novel_acc,harmonic_mean
11,0.637282652648605,0.6874319912948857,0.6614080774766544
21,0.6639708855640922,0.676822633297062,0.6703351662704565
